<?xml version="1.0" encoding="UTF-8"?>
    <addon id="REPOULTRA" name="Repositorio Plugins Ultra" version="0.1.0" provider-name="PortalMixto">
        <requires>
            <import addon="xbmc.addon" version="12.0.0"/>
        </requires>
        <extension point="xbmc.addon.repository" name="Repositorio Plugins Ultra">
            <info compressed="false">https://raw.githubusercontent.com/corvorepack/REPOULTRA/master/_repo/addons.xml</info>
            <checksum>https://raw.githubusercontent.com/corvorepack/REPOULTRA/master/_repo/addons.xml.md5</checksum>
            <datadir zip="true">https://raw.githubusercontent.com/corvorepack/REPOULTRA/master/_repo/</datadir>
            <hashes>false</hashes>
        </extension>
        <extension point="xbmc.addon.metadata">
            <summary>Repositorio Oficial Plugins Ultra.</summary>
            <description></description>
            <platform>all</platform>
    </extension>
</addon>